1
["ecco","eco","piano"]
["solia","assistante"]
["edouard","eduard","edouard edouard"]
["aurélien","aurelien"]
["rebecca","rébécca","rebeca"]
["gulan","gulaan","gulann","gullan","gullaan","polynésien","polynesie","polynésienne"]
["drea","dréa","dury","duri","dreaduri","dreadury","colombienne","colombie"]
["kriil","kril","krill","kriill","kezako"]
2
["jat","trio","sarah","sara","ayelya","annabelle"]
["jorge","sabelico","barcelone"]
["hobbs","hobs","hobss","vendeur","nanterre"]
["frederic","frédéric","fréderic","fredéric","longbois","lonbois"]
["laura"]
["luca"]
["mennel","menel","mennell","menell","besançon","Besancon"]
["kelly","kelli","Kely","Keli","architecture","architecte"]
["queen","queen","qeen","clairie","claire","clarie"]
["abel","marta"]
3 
["raffi","rafi","raffy","arto"]
["karolyn","carolyn","karolin"]
["mélody","melodi","mélodi","melody"]
["ritchy","richy","ritchi"]
["sherley","sherlei","serley","paredes","limoges"]
["tiphanie","tipanie","sg","tiphaine","tipaine"]
["Lilya","lylia,"lilia]
["b","demi-mondaine","demi","mondaine"]
4 
["zine","yaala","yala","zyne"]
["milena","mylena"]
["liv","del","estal"]
["simon","simmon","morin"]
["gabriel","grabiell","voiture"]
["guillaume","gillaume","guillame","belge"]
["alice","nguyen","gullen","alyce"]
["luna","gritt","grit","nancy"]
["nicolay","nicola","nycolay","sanson"]
["casanova","casanoba"]

5
["xam","hurricane","huricane"]
["ryan","riane","rian","kennedy","kenedy","kennedi"]
["thana-marie","thana","marie"]
["anto","antho"]
["juliana", "julianna"]
["betty","bettcoréennei,"coreenne"","patural","annecy "]
["ubare","coréenne","coreenne","coree","corée"]
["billy","billie","boguard","bogard"]
["angelo","anjelo","cocciante"]
["alhan", "alhane"]
6
["maéle","maelle","maele","maélle","maëlle","mael"]
["josse","joss","breton","bari"]
["yasmine","jasmine","amari","ammari","yassmine","algérie","algerie","algerienne"]
["isadora","isa dora","dora"]
["chloé","cloe","cloé","chloe"]
["jody","jodi","jodyjody"]
["francé","francer"]
["aliénor","alienor","toulouse","commedienne","commédienne"]
["petit green","serveur","green"]
["eric","jettner"]
["matthias","matias","mathias","piaux","piau"]
7
["yvette","dantier","ivette","yvett","yvete","maurice"]
["morgane","moreaux","morau","maurgane","moraux"]
["meryem","meriem","mariam","miriam","sassi"]
["laurent","lorent"]
["assia","assya","acia"]
["capucine","capussine","nantes"]
["leho","leo"]
["florent","marchand","florand","floren"]
["norig"]
["djeneva","jenega","geneva"]
["lorah","lorrah","lorra","cortese"]